address,script_type,wave1_branch,swept_at_height,input_count,drained_btc,input_sat
bc1q0tgsl3av6q4guywmhtyy08ah8lr0y7l3m988w0,p2wpkh,holding_3_204,960183,1,0.14999700,14999700
bc1q3ruhttadt0m02gzyv4npxq04wxs7t4rll0djxu,p2wpkh,holding_3_204,960183,1,0.16227798,16227798
bc1q3tuuk4pw72nqdeazfq5x7eux0l58n85926ghlt,p2wpkh,holding_3_204,960183,1,0.27080170,27080170
bc1q5hpshapndppvugv0ume80v6xspzt4huvtl93wr,p2wpkh,holding_3_204,960183,1,0.00204157,204157
bc1q5jsd2qy4r5m89faek7ufuk2zyva9qm06e6tynm,p2wpkh,holding_3_204,960183,4,7.83084392,783084392
bc1q5re8sup3pgncrm5hlk3tn9q758kfm6xlpcxmpa,p2wpkh,holding_3_204,960183,1,0.00270138,270138
bc1q657uv3wrtnna7atmntx4ktnenxw8hgganxuq4h,p2wpkh,holding_3_204,960183,1,1.02652542,102652542
bc1q6tt6tjrgelucg7w6rkwu5k5q845cw7ld0vssmr,p2wpkh,holding_3_204,960183,1,0.00931149,931149
bc1q6vuxvwrzdkj7h34we3ecdpze9qedf9pz95y5m8,p2wpkh,holding_3_204,960183,1,0.01717850,1717850
bc1q74eavdjft9julgjlmgmt8ygmymdwregyny3pwe,p2wpkh,holding_3_204,960183,1,0.10260000,10260000
bc1q7j540r0l9a955chpkc8y6mnaz86mssagsky4jp,p2wpkh,holding_3_204,960183,1,0.51579993,51579993
bc1q7uddgqmy46fycdf5v37r8svrceeumvc4gxtm83,p2wpkh,holding_3_204,960183,1,0.72403382,72403382
bc1q868qkyj6svruljur264fxq7yk4w5aq6fz946dq,p2wpkh,holding_3_204,960183,1,0.12745110,12745110
bc1qa4gfzasxs3dhnyq4l6xd4krdfac8s8u5qg5gs5,p2wpkh,holding_3_204,960183,1,0.00015887,15887
bc1qajcvdkj2nrgzuycs4ksuknkdhl8zga8qnr2a86,p2wpkh,holding_3_204,960183,1,0.00015867,15867
bc1qdjtt3ujus3z69ga0049uwusna3jtzq0atjg774,p2wpkh,holding_3_204,960183,1,0.01969512,1969512
bc1qdukrvkwdtqhmu0z89nall4d0rej6xg6ml5ncgz,p2wpkh,holding_3_204,960183,1,0.00007943,7943
bc1qehvajvfj5xrt24a25hx5sj03h9r56uuq0pxpvq,p2wpkh,holding_3_204,960183,1,0.01999985,1999985
bc1qemfejea9nflklu39mt8yf8gnvrkwtgv4aqxavr,p2wpkh,holding_3_204,960183,1,0.19220000,19220000
bc1qfed5advvk8wks6lywp2fd7dz2cszwuptsef7kf,p2wpkh,holding_3_204,960183,1,4.99998186,499998186
bc1qg6u7xf7c6vv3r3vjadq2emlem7ajw86372sth4,p2wpkh,holding_3_204,960183,1,0.00499296,499296
bc1qgc5argf4zc22rzfmxrnfg5whx7s2fcy8z0y6xk,p2wpkh,holding_3_204,960183,1,0.00447000,447000
bc1qhl7gp6srrsr9mnqle40c69vradt9e9w6t2f0r9,p2wpkh,holding_3_204,960183,1,0.00017788,17788
bc1qhnytespmvs9tfkj8pg0t3amu863xn7tnjundxx,p2wpkh,holding_3_204,960183,1,0.01070830,1070830
bc1qhvj9ndng3sv34upy0rvjzcs5f75q8hacdxrkcm,p2wpkh,holding_3_204,960183,1,0.13349339,13349339
bc1qj2h6alz6f0vjs9prz0tc8v0zv2knztph3tqjf4,p2wpkh,holding_3_204,960183,1,1.02101793,102101793
bc1ql4klhzz067aeduwt4t8sldmklkce3yt6m4ch7a,p2wpkh,holding_3_204,960183,1,0.01667487,1667487
bc1qlu4rclapu54ed7yxmzyxuhv6hu68hhl7l8a7lw,p2wpkh,holding_3_204,960183,1,0.00360984,360984
bc1qm4jxj20lqgcynt5cfqxf4saclm48njcl0z0ur4,p2wpkh,holding_3_204,960183,1,0.02544714,2544714
bc1qmser8c5d37dyc9w6yh78qngj8lf4jh96nq8rv6,p2wpkh,holding_3_204,960183,1,0.07850000,7850000
bc1qnwz6fef795px9jrd50ht0l7pyyvwha2e0nsd4k,p2wpkh,holding_3_204,960183,4,0.94690969,94690969
bc1qpz88jxztp92qxzazn9wsx9kc6u0wtq7meqzczz,p2wpkh,holding_3_204,960183,1,0.00138740,138740
bc1qqpcsg06nnu3uc6euaqj54she2z46rskw4d87ud,p2wpkh,holding_3_204,960183,1,0.00015000,15000
bc1qqsqdtltgw02tpuvgys6dc9au592v3tav0f4fyh,p2wpkh,holding_3_204,960183,1,0.13714567,13714567
bc1qruh524aukgcvt84srska2tqamrtaw7jxx973zp,p2wpkh,holding_3_204,960183,1,0.00947238,947238
bc1qstmvrwnr9yvsu58lavhazmqz4vg7ewaya8nka7,p2wpkh,holding_3_204,960183,9,6.61482563,661482563
bc1qsuny963n2fgh9pqgckmkvzgdlvs46pfp9uzy5m,p2wpkh,holding_3_204,960183,1,0.01979323,1979323
bc1qtedmdcmncmvdal55dt7yzc3jrk7gzug8pyn4cl,p2wpkh,holding_3_204,960183,1,0.30782479,30782479
bc1qtexax0udejaq2d98k7fmjpmwfupf2r8sc4k5zj,p2wpkh,holding_3_204,960183,1,0.00071276,71276
bc1que544l6qj5zlz3dyxrnhxnatuzfmf4uy7xrzp5,p2wpkh,holding_3_204,960183,1,0.00844536,844536
bc1quqhzaymqhf9sscvvy6aug7ymmavk8ds4jat0tm,p2wpkh,holding_3_204,960183,5,10.00012924,1000012924
bc1quuuxjym0h2ehmrvka85vy65w76h3kmwtx065xs,p2wpkh,holding_3_204,960183,1,0.00010000,10000
bc1qv2atslyysfp430yu6vwdthtmt45aw2l56d6c3s,p2wpkh,holding_3_204,960183,1,0.00098968,98968
bc1qws3u2kw20y8q9k6sqe2p4k3whmrlawgft7qv47,p2wpkh,holding_3_204,960183,3,17.39264167,1739264167
bc1qwsdc6pp0uazs0wvkjsy807lhq09ce67vrfmegv,p2wpkh,holding_3_204,960183,1,0.00232807,232807
bc1qxhylaxu5ksq5kz6defc6ngk3jv4wwq25ah2vej,p2wpkh,holding_3_204,960183,3,2.60706391,260706391
bc1qxra654zrcnh8fy267r8fwvy8xma4yu2952lt94,p2wpkh,holding_3_204,960183,1,0.15866370,15866370
bc1qy9ec5np0fsq2xvhmrndy27gg35pvsk6shv27wm,p2wpkh,holding_3_204,960183,1,5.00000000,500000000
bc1qz80peqmwttd8yh4tkpf7umnfuey930fd6xqs82,p2wpkh,holding_3_204,960183,1,0.00010000,10000
bc1qzllrs7nt6s9pwtrlhtl47mjad47fjj2llxle2z,p2wpkh,holding_3_204,960183,1,0.03521758,3521758
bc1qzqcx0mymuuqcv5l08jn245zuuh0yn7ethngef2,p2wpkh,holding_3_204,960183,1,0.05950000,5950000
bc1qzupxucra34ct9f4gg05yr96xynsvakmpfech3u,p2wpkh,holding_3_204,960183,11,6.32016444,632016444
bc1qzwrnsndcj3c8j5pgccfyxkvxhwu5z0wktemh3e,p2wpkh,holding_3_204,960183,1,0.03717260,3717260
bc1q02y2my28t4ut3ewcsjz3ctu7xc6d9n6fhzlqgy,p2wpkh,holding_2_491,960185,1,0.12120312,12120312
bc1q06cwdttgmtnznghdkcq2xqsljjjwv6sdns7r66,p2wpkh,holding_2_491,960185,1,1.00000000,100000000
bc1q09gpq590gfjjpeegc6l9zqjm4akjlnryax6f20,p2wpkh,holding_2_491,960185,1,0.16116398,16116398
bc1q0lksj6hgd7e5g3e2jupeh7m4n9nl3d5amv3ulr,p2wpkh,holding_2_491,960185,1,0.30000000,30000000
bc1q24xnl0g4hk7m9ycnmpllvthecwaf0gvx2ydq38,p2wpkh,holding_2_491,960185,1,3.39348000,339348000
bc1q2hqm9xjlq06fytjqw3a9824nspsc62fvya0zcn,p2wpkh,holding_2_491,960185,1,0.31517174,31517174
bc1q2js9lx932xt47twa9sxrwwvry2wyajtk945anu,p2wpkh,holding_2_491,960185,1,0.15000000,15000000
bc1q2ncncn8qmckk6f5c8cqhvzuw8gyjvyqmxyucd0,p2wpkh,holding_2_491,960185,1,0.26477288,26477288
bc1q38sknwyqqwr9vtss94v0fv7zys4yekzt8rndhu,p2wpkh,holding_2_491,960185,1,0.15000000,15000000
bc1q3glatq0q92suk2xljuwzgn8dp06nrljl32ap2h,p2wpkh,holding_2_491,960185,1,0.12127699,12127699
bc1q43lx2gjkl39dujp7vh3tr433szkuptytq7tt7n,p2wpkh,holding_2_491,960185,1,0.15200789,15200789
bc1q4tj5lr7k54nlnzg4nkxdknk0lesve07uxwlmua,p2wpkh,holding_2_491,960185,1,1.89187894,189187894
bc1q4vhdmlt8w5xjkme0auefwk0jxc05d45kcs3hj6,p2wpkh,holding_2_491,960185,1,0.15000000,15000000
bc1q5evkmamh4yu9e5w023t72swhl357zy38e94lcq,p2wpkh,holding_2_491,960185,1,3.12921915,312921915
bc1q5pz7cppsdruuwmulxx7yxg8qgwwx97rjyre63x,p2wpkh,holding_2_491,960185,1,0.15000000,15000000
bc1q7jpc3tu8cch6qthx643zyj8eevg4vknehmktsu,p2wpkh,holding_2_491,960185,1,0.12174776,12174776
bc1q7ph9fgrqqmv890qakn8266qm8uzg27kna608jw,p2wpkh,holding_2_491,960185,1,0.11429100,11429100
bc1q7qdyxlh3rhv7znnl9v6wy5k4nufdpnr4qkewwu,p2wpkh,holding_2_491,960185,1,0.15000000,15000000
bc1q80d3vntqjrde0yvdnwcnsy02pm3z3hyr3xkh6d,p2wpkh,holding_2_491,960185,1,0.30000000,30000000
bc1q9789le0s9ryeaynldf2j5fuszewknqd07nh7uk,p2wpkh,holding_2_491,960185,1,0.39503294,39503294
bc1qag3slduznv7tdhgtf893646rk6mrz6xrgeme0s,p2wpkh,holding_2_491,960185,1,0.12293929,12293929
bc1qak04evkslra4e609g6cjdzhavunxs4059afatg,p2wpkh,holding_2_491,960185,1,0.49791127,49791127
bc1qcwupvktd4r7khz0ap9qpnzky89zs8h9kmchnsk,p2wpkh,holding_2_491,960185,1,1.00000000,100000000
bc1qd5hat6vk9cy0hhvhhqcgp7dle5eh0j8206w6fx,p2wpkh,holding_2_491,960185,1,0.75358174,75358174
bc1qd8d9ghrnlrmddx65vw3kujqxk7yklv2dnqvt6f,p2wpkh,holding_2_491,960185,1,0.18364297,18364297
bc1qdq06huf3hm9xtysjh9j56cmgfjew397r8vae06,p2wpkh,holding_2_491,960185,1,0.45792000,45792000
bc1qdtrd75ynkt8xu3ks0e7hrlfgzftacfeu5aqj89,p2wpkh,holding_2_491,960185,1,0.13137986,13137986
bc1qdye80ngczk5a2ct2dmll3kv7wh6x6akyxawew5,p2wpkh,holding_2_491,960185,1,0.16052498,16052498
bc1qeamrmw0vphsygm67yr9907k2lmysffugcpy6vy,p2wpkh,holding_2_491,960185,1,0.15000000,15000000
bc1qecm9uhnugc3uxvcjwjtgw7lx0kk6atkrv2g0ku,p2wpkh,holding_2_491,960185,1,1.32025113,132025113
bc1qee7r99vk0km2l73435v45r78wmmr4v7mxs22t9,p2wpkh,holding_2_491,960185,1,0.11640083,11640083
bc1qezgrgjtaf2jjduv3cwzf8ypr5fhuh08cc4qa9u,p2wpkh,holding_2_491,960185,1,0.15524554,15524554
bc1qezq6apdam2zxc2g7sn5um6v292lpjzz5ldh5rl,p2wpkh,holding_2_491,960185,1,0.17468782,17468782
bc1qftezgyjt8t0su5w7kkfq44kst9edsp6txwmll9,p2wpkh,holding_2_491,960185,1,0.30000000,30000000
bc1qg2qrpejuf84a7p7evfce5tyhjjdcq0mztzvlry,p2wpkh,holding_2_491,960185,1,0.17464524,17464524
bc1qgf2zss4ftxpzqfc6an3r02s076zmn30qyl6jct,p2wpkh,holding_2_491,960185,1,0.14999280,14999280
bc1qgtjpdqwdr7kkzstqm6w4vll5s8u6s62y8993y0,p2wpkh,holding_2_491,960185,1,0.13506530,13506530
bc1qjk3r93m99r6un6hw4agpvnazg377mmhyauwp2v,p2wpkh,holding_2_491,960185,2,0.22851179,22851179
bc1qjwsv43zau6hvsyd5ydj0mr3re5tgtgh86qrmsv,p2wpkh,holding_2_491,960185,1,0.14999595,14999595
bc1qjxy9grltueqx7r6pswj8uvxpee9gd96plmf3ax,p2wpkh,holding_2_491,960185,1,0.45700000,45700000
bc1qk8d3xu7v0h559gs6alzmsp7j66fe36nrdsv6pk,p2wpkh,holding_2_491,960185,1,0.15000000,15000000
bc1qkjsjaqsxvhvtg7yt99farc440k7mmdz03zgxeq,p2wpkh,holding_2_491,960185,1,1.06431000,106431000
bc1qkxz7da2y32qf6zg4xp4glp04g7eazyvna9cfce,p2wpkh,holding_2_491,960185,3,0.40495123,40495123
bc1qlpsmyy9k6ar2ksz0fumue76s6qmpr5wxwpafp7,p2wpkh,holding_2_491,960185,1,0.15000000,15000000
bc1qltypn65u5u8mt0w5v0qah4vk6vtef5vm292jra,p2wpkh,holding_2_491,960185,1,0.18525071,18525071
bc1qluly52pel0pa04h9up7nk2p8lr3l3uccywkugq,p2wpkh,holding_2_491,960185,1,0.11919419,11919419
bc1qlwyteryzznyy4s9cde5dw77n3hxdwqpkyuudf6,p2wpkh,holding_2_491,960185,1,1.00000000,100000000
bc1qmkfs4qdny6ftcd3683x9pmr44kfhlhzwc75syq,p2wpkh,holding_2_491,960185,1,1.51518892,151518892
bc1qmm5hr48r2k5lgljy70tlx2lmfkjxgvct5mwluw,p2wpkh,holding_2_491,960185,1,0.52006753,52006753
bc1qne92k9jgmmnq2lvl654xvezy6akf9539lpe23p,p2wpkh,holding_2_491,960185,1,0.15000000,15000000
bc1qnqrpgh4nu0rkrhlpcyyj7za9w48lww608n02t3,p2wpkh,holding_2_491,960185,2,0.11974391,11974391
bc1qpushc6f4lvnrtc7rxf4zau8glkue8x80zz79tc,p2wpkh,holding_2_491,960185,1,0.15000000,15000000
bc1qpxnu35xhqnksz30c6x3j7rzl3tn5cca0e7jyt3,p2wpkh,holding_2_491,960185,1,0.30000000,30000000
bc1qqhh035wrnu85xn6ksm3r5e5vtexyvr2z6tg0yw,p2wpkh,holding_2_491,960185,1,0.12490329,12490329
bc1qr43n89l958smj69y8sqnr26mxy5y46v9q29eka,p2wpkh,holding_2_491,960185,1,0.27001931,27001931
bc1qrc4ys5vpy8mrt2x0fpxlt8x4jqfsp3jw5c4wrj,p2wpkh,holding_2_491,960185,1,0.22731601,22731601
bc1qrdud78474f59nu63q4e85p7dglvnls0a2zqpfq,p2wpkh,holding_2_491,960185,1,0.13968878,13968878
bc1qrk2wgaj82cjlq4687k7x6smjs8658kav489mgj,p2wpkh,holding_2_491,960185,1,0.32812601,32812601
bc1qrnkcdsyn0uhkxcxhcdcd2k5aw0mayq67p2w8xj,p2wpkh,holding_2_491,960185,1,0.16493382,16493382
bc1qspsgdratwzw3nkkw86ekrkrnh0jqgvrw4q6r5p,p2wpkh,holding_2_491,960185,1,0.15000000,15000000
bc1qsx2r2qa2d3ps9jyae2hazmjtxldaad2ydxuz4a,p2wpkh,holding_2_491,960185,1,0.15000000,15000000
bc1qt8rg0rqqsztfamksvm2hsw0pkn4p0tsv72efen,p2wpkh,holding_2_491,960185,1,0.15000000,15000000
bc1qtd8pzglxqdaugzvj4m5xgjmug3jwgan9ypuvha,p2wpkh,holding_2_491,960185,1,1.36351510,136351510
bc1qu549k5x5z5emxcnracuftv5pjsr6lsxnfkm56e,p2wpkh,holding_2_491,960185,2,3.14882609,314882609
bc1quffptmun6sxkcsvnqm3w5arczj8hzdvd4rtqea,p2wpkh,holding_2_491,960185,1,1.50000000,150000000
bc1qv6hyqznrq3tcd03ly0ysvu3trk7vlg8r2gc7xz,p2wpkh,holding_2_491,960185,1,0.17399957,17399957
bc1qvr6qjv036j9jnz5rdpht9zv3a4wmvukkpu68yg,p2wpkh,holding_2_491,960185,1,0.52214930,52214930
bc1qw8tpy90ht53qncg0jezxnq0cwwky0w7ns0724w,p2wpkh,holding_2_491,960185,1,0.14018953,14018953
bc1qx3aauk3kkwr24u8qv837uqlmz6wfhzssn2wf88,p2wpkh,holding_2_491,960185,1,0.18588780,18588780
bc1qxq7txj7fu33mn0d2dn39ga2ky988gdkpl3usen,p2wpkh,holding_2_491,960185,1,0.58507000,58507000
bc1qy0mut00s6xk4ahjcz7aruzku9hr7geltm2r2sp,p2wpkh,holding_2_491,960185,1,0.17555425,17555425
bc1qy5q6jkynhfqzvelgy82jahz83ngxzny8f2r45v,p2wpkh,holding_2_491,960185,1,0.14586727,14586727
bc1qydxg8r7ljneutmruw8l9gpcchw5mfgjg2v5wmw,p2wpkh,holding_2_491,960185,1,0.13744717,13744717
bc1qyun4v6t8rduvdfelu4mdcew8gqxlu5h5feqcne,p2wpkh,holding_2_491,960185,1,1.00000000,100000000
bc1qz0msgpxvytaq6pa7m0ppn6j3wtrdrmnu3j568j,p2wpkh,holding_2_491,960185,1,0.32432926,32432926
bc1qzclq06wpmjn0qk44a0297c4e572rh7705wx4hm,p2wpkh,holding_2_491,960185,1,0.43530550,43530550
bc1q2xsxs9hecvnkqdgnts6nasr4vma3zdrytp62wn,p2wpkh,original_500,960188,1,2.14765452,214765452
bc1q796dzm6nlhqphntjwqjp2mr8tx69h4lrjeq05p,p2wpkh,original_500,960188,2,7.67500294,767500294
bc1qnqgcjtgq48vgpj6r6nvyy0fy4gym2xdsqddw8y,p2wpkh,original_500,960188,1,2.88661550,288661550
bc1quxruvxju65w2lkrzaphugha3pwg0ytr7ng9cp8,p2wpkh,original_500,960188,3,10.00000624,1000000624
bc1qkda677g5q8sgspvklau42puu70s56pcnw2u7w3,p2wpkh,original_500,960189,1,1.28893871,128893871
bc1qpf5evqrqfyyyphl4h8m9n2wqdwgj53g5zgrtqr,p2wpkh,original_500,960189,105,0.69145962,69145962
3LkZTJ9YeM1T8Qs12VmqKe8Y9iVRGCUvCU,p2sh-p2wpkh,original_500,960190,1,0.32259355,32259355
bc1q2gy6w22gu3r4a8uzh737agz2u9xs65536pc9ms,p2wpkh,original_500,960190,2,0.43876622,43876622
bc1qwrjq4mtj2xn5xrhgegjvalfezmhs0aakeg9lm8,p2wpkh,original_500,960190,1,0.32278821,32278821
bc1qzlw2nsg3q5qj7r6s8ejkxyre4hvsvmqr57unjt,p2wpkh,original_500,960190,7,0.30440317,30440317
36YCSjRGbhdCj3NokFjjxS1FSBxRXEYYxY,p2sh-p2wpkh,original_500,960191,1,0.21440957,21440957
37tsJvhKxfCWeBbuWse7fxkJoqGxx67GCW,p2sh-p2wpkh,original_500,960191,1,0.21535277,21535277
3H6HaFdHRiqvkqBk8LWpstXFk4hWN3dMLX,p2sh-p2wpkh,original_500,960191,1,0.21534371,21534371
bc1q6fqg9u8y9u86a55al3d3ngvzu886up2r5c56j5,p2wpkh,original_500,960191,1,0.21539431,21539431
bc1q7m43fn0qwnva43t4qz84vsemadysdgy47d28g8,p2wpkh,original_500,960191,1,0.21526425,21526425
bc1qfyy4a6qjaz5lpzc6uys5fqjlsy30e23985zy59,p2wpkh,original_500,960191,1,0.21533944,21533944
bc1qgeppj5mwuw48alr7qy7zkq9jqyhhf33kh44jq2,p2wpkh,original_500,960191,1,0.21535528,21535528
bc1qj3t3h8khvjrp82lnnu6a2ahzmpc9p0yrhchewm,p2wpkh,original_500,960191,1,0.21524629,21524629
bc1qjwlcdpypr7tvmweljzkry84lw6gjvg9nuq8wht,p2wpkh,original_500,960191,1,0.21549127,21549127
bc1qst04y9gy52jls76yhqcz6ueyd6s7djg267780j,p2wpkh,original_500,960191,1,0.21533309,21533309
bc1qtstejjeqflnl5lgc29ul7fs7lse9muu0dy839l,p2wpkh,original_500,960191,1,0.21550462,21550462
bc1qwc0u8ummql453hxxkcyyv8tl7mn6e8a420vxmh,p2wpkh,original_500,960191,1,0.21530193,21530193
bc1qwns7yh99wp8jergrftvt5ms8rmhlvheehkz97k,p2wpkh,original_500,960191,1,0.21504720,21504720
bc1qy0yttz2n8qf4fxxfhxnx8f2qyrpsulg7p0gdcn,p2wpkh,original_500,960191,1,0.21617904,21617904
